annual_income_krw,existing_monthly_debt_service_krw,actual_mortgage_rate_pct,region_group,stress_rate_pct,dsr_assessment_rate_pct,bank_dsr_limit_pct,term_years,repayment_method,annual_dsr_capacity_krw,annual_remaining_capacity_krw,dsr_based_new_mortgage_limit_krw,limit_reduction_vs_no_existing_debt_krw,stress_rate_basis,calculation_scope,actual_approval_warning
40000000,0,3.5,수도권·규제지역,3,6.5,40,30,원리금균등,16000000,16000000,210947759,0,2026 H2 official minimum stress rate: 3.0%,DSR-based theoretical limit; variable-rate mortgage; 30-year equal principal+interest,"Actual approval may differ due to LTV, mortgage caps, debt-type DSR rules, income recognition, and lender underwriting."
40000000,0,3.5,비수도권·비규제지역,0.75,4.25,40,30,원리금균등,16000000,16000000,271035823,0,reference scenario: 1.5% general minimum × 50% = 0.75%,DSR-based theoretical limit; variable-rate mortgage; 30-year equal principal+interest,"Actual approval may differ due to LTV, mortgage caps, debt-type DSR rules, income recognition, and lender underwriting."
40000000,0,4,수도권·규제지역,3,7,40,30,원리금균등,16000000,16000000,200410091,0,2026 H2 official minimum stress rate: 3.0%,DSR-based theoretical limit; variable-rate mortgage; 30-year equal principal+interest,"Actual approval may differ due to LTV, mortgage caps, debt-type DSR rules, income recognition, and lender underwriting."
40000000,0,4,비수도권·비규제지역,0.75,4.75,40,30,원리금균등,16000000,16000000,255600525,0,reference scenario: 1.5% general minimum × 50% = 0.75%,DSR-based theoretical limit; variable-rate mortgage; 30-year equal principal+interest,"Actual approval may differ due to LTV, mortgage caps, debt-type DSR rules, income recognition, and lender underwriting."
40000000,0,4.5,수도권·규제지역,3,7.5,40,30,원리금균등,16000000,16000000,190690170,0,2026 H2 official minimum stress rate: 3.0%,DSR-based theoretical limit; variable-rate mortgage; 30-year equal principal+interest,"Actual approval may differ due to LTV, mortgage caps, debt-type DSR rules, income recognition, and lender underwriting."
40000000,0,4.5,비수도권·비규제지역,0.75,5.25,40,30,원리금균등,16000000,16000000,241456790,0,reference scenario: 1.5% general minimum × 50% = 0.75%,DSR-based theoretical limit; variable-rate mortgage; 30-year equal principal+interest,"Actual approval may differ due to LTV, mortgage caps, debt-type DSR rules, income recognition, and lender underwriting."
40000000,0,5,수도권·규제지역,3,8,40,30,원리금균등,16000000,16000000,181711326,0,2026 H2 official minimum stress rate: 3.0%,DSR-based theoretical limit; variable-rate mortgage; 30-year equal principal+interest,"Actual approval may differ due to LTV, mortgage caps, debt-type DSR rules, income recognition, and lender underwriting."
40000000,0,5,비수도권·비규제지역,0.75,5.75,40,30,원리금균등,16000000,16000000,228477613,0,reference scenario: 1.5% general minimum × 50% = 0.75%,DSR-based theoretical limit; variable-rate mortgage; 30-year equal principal+interest,"Actual approval may differ due to LTV, mortgage caps, debt-type DSR rules, income recognition, and lender underwriting."
40000000,300000,3.5,수도권·규제지역,3,6.5,40,30,원리금균등,16000000,12400000,163484514,47463245,2026 H2 official minimum stress rate: 3.0%,DSR-based theoretical limit; variable-rate mortgage; 30-year equal principal+interest,"Actual approval may differ due to LTV, mortgage caps, debt-type DSR rules, income recognition, and lender underwriting."
40000000,300000,3.5,비수도권·비규제지역,0.75,4.25,40,30,원리금균등,16000000,12400000,210052763,60983060,reference scenario: 1.5% general minimum × 50% = 0.75%,DSR-based theoretical limit; variable-rate mortgage; 30-year equal principal+interest,"Actual approval may differ due to LTV, mortgage caps, debt-type DSR rules, income recognition, and lender underwriting."
40000000,300000,4,수도권·규제지역,3,7,40,30,원리금균등,16000000,12400000,155317820,45092271,2026 H2 official minimum stress rate: 3.0%,DSR-based theoretical limit; variable-rate mortgage; 30-year equal principal+interest,"Actual approval may differ due to LTV, mortgage caps, debt-type DSR rules, income recognition, and lender underwriting."
40000000,300000,4,비수도권·비규제지역,0.75,4.75,40,30,원리금균등,16000000,12400000,198090407,57510118,reference scenario: 1.5% general minimum × 50% = 0.75%,DSR-based theoretical limit; variable-rate mortgage; 30-year equal principal+interest,"Actual approval may differ due to LTV, mortgage caps, debt-type DSR rules, income recognition, and lender underwriting."
40000000,300000,4.5,수도권·규제지역,3,7.5,40,30,원리금균등,16000000,12400000,147784882,42905288,2026 H2 official minimum stress rate: 3.0%,DSR-based theoretical limit; variable-rate mortgage; 30-year equal principal+interest,"Actual approval may differ due to LTV, mortgage caps, debt-type DSR rules, income recognition, and lender underwriting."
40000000,300000,4.5,비수도권·비규제지역,0.75,5.25,40,30,원리금균등,16000000,12400000,187129012,54327778,reference scenario: 1.5% general minimum × 50% = 0.75%,DSR-based theoretical limit; variable-rate mortgage; 30-year equal principal+interest,"Actual approval may differ due to LTV, mortgage caps, debt-type DSR rules, income recognition, and lender underwriting."
40000000,300000,5,수도권·규제지역,3,8,40,30,원리금균등,16000000,12400000,140826277,40885049,2026 H2 official minimum stress rate: 3.0%,DSR-based theoretical limit; variable-rate mortgage; 30-year equal principal+interest,"Actual approval may differ due to LTV, mortgage caps, debt-type DSR rules, income recognition, and lender underwriting."
40000000,300000,5,비수도권·비규제지역,0.75,5.75,40,30,원리금균등,16000000,12400000,177070150,51407463,reference scenario: 1.5% general minimum × 50% = 0.75%,DSR-based theoretical limit; variable-rate mortgage; 30-year equal principal+interest,"Actual approval may differ due to LTV, mortgage caps, debt-type DSR rules, income recognition, and lender underwriting."
40000000,500000,3.5,수도권·규제지역,3,6.5,40,30,원리금균등,16000000,10000000,131842350,79105409,2026 H2 official minimum stress rate: 3.0%,DSR-based theoretical limit; variable-rate mortgage; 30-year equal principal+interest,"Actual approval may differ due to LTV, mortgage caps, debt-type DSR rules, income recognition, and lender underwriting."
40000000,500000,3.5,비수도권·비규제지역,0.75,4.25,40,30,원리금균등,16000000,10000000,169397389,101638434,reference scenario: 1.5% general minimum × 50% = 0.75%,DSR-based theoretical limit; variable-rate mortgage; 30-year equal principal+interest,"Actual approval may differ due to LTV, mortgage caps, debt-type DSR rules, income recognition, and lender underwriting."
40000000,500000,4,수도권·규제지역,3,7,40,30,원리금균등,16000000,10000000,125256307,75153784,2026 H2 official minimum stress rate: 3.0%,DSR-based theoretical limit; variable-rate mortgage; 30-year equal principal+interest,"Actual approval may differ due to LTV, mortgage caps, debt-type DSR rules, income recognition, and lender underwriting."
40000000,500000,4,비수도권·비규제지역,0.75,4.75,40,30,원리금균등,16000000,10000000,159750328,95850197,reference scenario: 1.5% general minimum × 50% = 0.75%,DSR-based theoretical limit; variable-rate mortgage; 30-year equal principal+interest,"Actual approval may differ due to LTV, mortgage caps, debt-type DSR rules, income recognition, and lender underwriting."
40000000,500000,4.5,수도권·규제지역,3,7.5,40,30,원리금균등,16000000,10000000,119181356,71508814,2026 H2 official minimum stress rate: 3.0%,DSR-based theoretical limit; variable-rate mortgage; 30-year equal principal+interest,"Actual approval may differ due to LTV, mortgage caps, debt-type DSR rules, income recognition, and lender underwriting."
40000000,500000,4.5,비수도권·비규제지역,0.75,5.25,40,30,원리금균등,16000000,10000000,150910494,90546296,reference scenario: 1.5% general minimum × 50% = 0.75%,DSR-based theoretical limit; variable-rate mortgage; 30-year equal principal+interest,"Actual approval may differ due to LTV, mortgage caps, debt-type DSR rules, income recognition, and lender underwriting."
40000000,500000,5,수도권·규제지역,3,8,40,30,원리금균등,16000000,10000000,113569578,68141748,2026 H2 official minimum stress rate: 3.0%,DSR-based theoretical limit; variable-rate mortgage; 30-year equal principal+interest,"Actual approval may differ due to LTV, mortgage caps, debt-type DSR rules, income recognition, and lender underwriting."
40000000,500000,5,비수도권·비규제지역,0.75,5.75,40,30,원리금균등,16000000,10000000,142798508,85679105,reference scenario: 1.5% general minimum × 50% = 0.75%,DSR-based theoretical limit; variable-rate mortgage; 30-year equal principal+interest,"Actual approval may differ due to LTV, mortgage caps, debt-type DSR rules, income recognition, and lender underwriting."
40000000,700000,3.5,수도권·규제지역,3,6.5,40,30,원리금균등,16000000,7600000,100200186,110747573,2026 H2 official minimum stress rate: 3.0%,DSR-based theoretical limit; variable-rate mortgage; 30-year equal principal+interest,"Actual approval may differ due to LTV, mortgage caps, debt-type DSR rules, income recognition, and lender underwriting."
40000000,700000,3.5,비수도권·비규제지역,0.75,4.25,40,30,원리금균등,16000000,7600000,128742016,142293807,reference scenario: 1.5% general minimum × 50% = 0.75%,DSR-based theoretical limit; variable-rate mortgage; 30-year equal principal+interest,"Actual approval may differ due to LTV, mortgage caps, debt-type DSR rules, income recognition, and lender underwriting."
40000000,700000,4,수도권·규제지역,3,7,40,30,원리금균등,16000000,7600000,95194793,105215298,2026 H2 official minimum stress rate: 3.0%,DSR-based theoretical limit; variable-rate mortgage; 30-year equal principal+interest,"Actual approval may differ due to LTV, mortgage caps, debt-type DSR rules, income recognition, and lender underwriting."
40000000,700000,4,비수도권·비규제지역,0.75,4.75,40,30,원리금균등,16000000,7600000,121410250,134190275,reference scenario: 1.5% general minimum × 50% = 0.75%,DSR-based theoretical limit; variable-rate mortgage; 30-year equal principal+interest,"Actual approval may differ due to LTV, mortgage caps, debt-type DSR rules, income recognition, and lender underwriting."
40000000,700000,4.5,수도권·규제지역,3,7.5,40,30,원리금균등,16000000,7600000,90577831,100112339,2026 H2 official minimum stress rate: 3.0%,DSR-based theoretical limit; variable-rate mortgage; 30-year equal principal+interest,"Actual approval may differ due to LTV, mortgage caps, debt-type DSR rules, income recognition, and lender underwriting."
40000000,700000,4.5,비수도권·비규제지역,0.75,5.25,40,30,원리금균등,16000000,7600000,114691975,126764815,reference scenario: 1.5% general minimum × 50% = 0.75%,DSR-based theoretical limit; variable-rate mortgage; 30-year equal principal+interest,"Actual approval may differ due to LTV, mortgage caps, debt-type DSR rules, income recognition, and lender underwriting."
40000000,700000,5,수도권·규제지역,3,8,40,30,원리금균등,16000000,7600000,86312880,95398446,2026 H2 official minimum stress rate: 3.0%,DSR-based theoretical limit; variable-rate mortgage; 30-year equal principal+interest,"Actual approval may differ due to LTV, mortgage caps, debt-type DSR rules, income recognition, and lender underwriting."
40000000,700000,5,비수도권·비규제지역,0.75,5.75,40,30,원리금균등,16000000,7600000,108526866,119950747,reference scenario: 1.5% general minimum × 50% = 0.75%,DSR-based theoretical limit; variable-rate mortgage; 30-year equal principal+interest,"Actual approval may differ due to LTV, mortgage caps, debt-type DSR rules, income recognition, and lender underwriting."
40000000,1000000,3.5,수도권·규제지역,3,6.5,40,30,원리금균등,16000000,4000000,52736940,158210819,2026 H2 official minimum stress rate: 3.0%,DSR-based theoretical limit; variable-rate mortgage; 30-year equal principal+interest,"Actual approval may differ due to LTV, mortgage caps, debt-type DSR rules, income recognition, and lender underwriting."
40000000,1000000,3.5,비수도권·비규제지역,0.75,4.25,40,30,원리금균등,16000000,4000000,67758956,203276867,reference scenario: 1.5% general minimum × 50% = 0.75%,DSR-based theoretical limit; variable-rate mortgage; 30-year equal principal+interest,"Actual approval may differ due to LTV, mortgage caps, debt-type DSR rules, income recognition, and lender underwriting."
40000000,1000000,4,수도권·규제지역,3,7,40,30,원리금균등,16000000,4000000,50102523,150307568,2026 H2 official minimum stress rate: 3.0%,DSR-based theoretical limit; variable-rate mortgage; 30-year equal principal+interest,"Actual approval may differ due to LTV, mortgage caps, debt-type DSR rules, income recognition, and lender underwriting."
40000000,1000000,4,비수도권·비규제지역,0.75,4.75,40,30,원리금균등,16000000,4000000,63900131,191700394,reference scenario: 1.5% general minimum × 50% = 0.75%,DSR-based theoretical limit; variable-rate mortgage; 30-year equal principal+interest,"Actual approval may differ due to LTV, mortgage caps, debt-type DSR rules, income recognition, and lender underwriting."
40000000,1000000,4.5,수도권·규제지역,3,7.5,40,30,원리금균등,16000000,4000000,47672542,143017628,2026 H2 official minimum stress rate: 3.0%,DSR-based theoretical limit; variable-rate mortgage; 30-year equal principal+interest,"Actual approval may differ due to LTV, mortgage caps, debt-type DSR rules, income recognition, and lender underwriting."
40000000,1000000,4.5,비수도권·비규제지역,0.75,5.25,40,30,원리금균등,16000000,4000000,60364197,181092593,reference scenario: 1.5% general minimum × 50% = 0.75%,DSR-based theoretical limit; variable-rate mortgage; 30-year equal principal+interest,"Actual approval may differ due to LTV, mortgage caps, debt-type DSR rules, income recognition, and lender underwriting."
40000000,1000000,5,수도권·규제지역,3,8,40,30,원리금균등,16000000,4000000,45427831,136283495,2026 H2 official minimum stress rate: 3.0%,DSR-based theoretical limit; variable-rate mortgage; 30-year equal principal+interest,"Actual approval may differ due to LTV, mortgage caps, debt-type DSR rules, income recognition, and lender underwriting."
40000000,1000000,5,비수도권·비규제지역,0.75,5.75,40,30,원리금균등,16000000,4000000,57119403,171358210,reference scenario: 1.5% general minimum × 50% = 0.75%,DSR-based theoretical limit; variable-rate mortgage; 30-year equal principal+interest,"Actual approval may differ due to LTV, mortgage caps, debt-type DSR rules, income recognition, and lender underwriting."
50000000,0,3.5,수도권·규제지역,3,6.5,40,30,원리금균등,20000000,20000000,263684699,0,2026 H2 official minimum stress rate: 3.0%,DSR-based theoretical limit; variable-rate mortgage; 30-year equal principal+interest,"Actual approval may differ due to LTV, mortgage caps, debt-type DSR rules, income recognition, and lender underwriting."
50000000,0,3.5,비수도권·비규제지역,0.75,4.25,40,30,원리금균등,20000000,20000000,338794779,0,reference scenario: 1.5% general minimum × 50% = 0.75%,DSR-based theoretical limit; variable-rate mortgage; 30-year equal principal+interest,"Actual approval may differ due to LTV, mortgage caps, debt-type DSR rules, income recognition, and lender underwriting."
50000000,0,4,수도권·규제지역,3,7,40,30,원리금균등,20000000,20000000,250512613,0,2026 H2 official minimum stress rate: 3.0%,DSR-based theoretical limit; variable-rate mortgage; 30-year equal principal+interest,"Actual approval may differ due to LTV, mortgage caps, debt-type DSR rules, income recognition, and lender underwriting."
50000000,0,4,비수도권·비규제지역,0.75,4.75,40,30,원리금균등,20000000,20000000,319500657,0,reference scenario: 1.5% general minimum × 50% = 0.75%,DSR-based theoretical limit; variable-rate mortgage; 30-year equal principal+interest,"Actual approval may differ due to LTV, mortgage caps, debt-type DSR rules, income recognition, and lender underwriting."
50000000,0,4.5,수도권·규제지역,3,7.5,40,30,원리금균등,20000000,20000000,238362712,0,2026 H2 official minimum stress rate: 3.0%,DSR-based theoretical limit; variable-rate mortgage; 30-year equal principal+interest,"Actual approval may differ due to LTV, mortgage caps, debt-type DSR rules, income recognition, and lender underwriting."
50000000,0,4.5,비수도권·비규제지역,0.75,5.25,40,30,원리금균등,20000000,20000000,301820987,0,reference scenario: 1.5% general minimum × 50% = 0.75%,DSR-based theoretical limit; variable-rate mortgage; 30-year equal principal+interest,"Actual approval may differ due to LTV, mortgage caps, debt-type DSR rules, income recognition, and lender underwriting."
50000000,0,5,수도권·규제지역,3,8,40,30,원리금균등,20000000,20000000,227139157,0,2026 H2 official minimum stress rate: 3.0%,DSR-based theoretical limit; variable-rate mortgage; 30-year equal principal+interest,"Actual approval may differ due to LTV, mortgage caps, debt-type DSR rules, income recognition, and lender underwriting."
50000000,0,5,비수도권·비규제지역,0.75,5.75,40,30,원리금균등,20000000,20000000,285597016,0,reference scenario: 1.5% general minimum × 50% = 0.75%,DSR-based theoretical limit; variable-rate mortgage; 30-year equal principal+interest,"Actual approval may differ due to LTV, mortgage caps, debt-type DSR rules, income recognition, and lender underwriting."
50000000,300000,3.5,수도권·규제지역,3,6.5,40,30,원리금균등,20000000,16400000,216221453,47463246,2026 H2 official minimum stress rate: 3.0%,DSR-based theoretical limit; variable-rate mortgage; 30-year equal principal+interest,"Actual approval may differ due to LTV, mortgage caps, debt-type DSR rules, income recognition, and lender underwriting."
50000000,300000,3.5,비수도권·비규제지역,0.75,4.25,40,30,원리금균등,20000000,16400000,277811719,60983060,reference scenario: 1.5% general minimum × 50% = 0.75%,DSR-based theoretical limit; variable-rate mortgage; 30-year equal principal+interest,"Actual approval may differ due to LTV, mortgage caps, debt-type DSR rules, income recognition, and lender underwriting."
50000000,300000,4,수도권·규제지역,3,7,40,30,원리금균등,20000000,16400000,205420343,45092270,2026 H2 official minimum stress rate: 3.0%,DSR-based theoretical limit; variable-rate mortgage; 30-year equal principal+interest,"Actual approval may differ due to LTV, mortgage caps, debt-type DSR rules, income recognition, and lender underwriting."
50000000,300000,4,비수도권·비규제지역,0.75,4.75,40,30,원리금균등,20000000,16400000,261990539,57510118,reference scenario: 1.5% general minimum × 50% = 0.75%,DSR-based theoretical limit; variable-rate mortgage; 30-year equal principal+interest,"Actual approval may differ due to LTV, mortgage caps, debt-type DSR rules, income recognition, and lender underwriting."
50000000,300000,4.5,수도권·규제지역,3,7.5,40,30,원리금균등,20000000,16400000,195457424,42905288,2026 H2 official minimum stress rate: 3.0%,DSR-based theoretical limit; variable-rate mortgage; 30-year equal principal+interest,"Actual approval may differ due to LTV, mortgage caps, debt-type DSR rules, income recognition, and lender underwriting."
50000000,300000,4.5,비수도권·비규제지역,0.75,5.25,40,30,원리금균등,20000000,16400000,247493210,54327777,reference scenario: 1.5% general minimum × 50% = 0.75%,DSR-based theoretical limit; variable-rate mortgage; 30-year equal principal+interest,"Actual approval may differ due to LTV, mortgage caps, debt-type DSR rules, income recognition, and lender underwriting."
50000000,300000,5,수도권·규제지역,3,8,40,30,원리금균등,20000000,16400000,186254109,40885048,2026 H2 official minimum stress rate: 3.0%,DSR-based theoretical limit; variable-rate mortgage; 30-year equal principal+interest,"Actual approval may differ due to LTV, mortgage caps, debt-type DSR rules, income recognition, and lender underwriting."
50000000,300000,5,비수도권·비규제지역,0.75,5.75,40,30,원리금균등,20000000,16400000,234189553,51407463,reference scenario: 1.5% general minimum × 50% = 0.75%,DSR-based theoretical limit; variable-rate mortgage; 30-year equal principal+interest,"Actual approval may differ due to LTV, mortgage caps, debt-type DSR rules, income recognition, and lender underwriting."
50000000,500000,3.5,수도권·규제지역,3,6.5,40,30,원리금균등,20000000,14000000,184579289,79105410,2026 H2 official minimum stress rate: 3.0%,DSR-based theoretical limit; variable-rate mortgage; 30-year equal principal+interest,"Actual approval may differ due to LTV, mortgage caps, debt-type DSR rules, income recognition, and lender underwriting."
50000000,500000,3.5,비수도권·비규제지역,0.75,4.25,40,30,원리금균등,20000000,14000000,237156345,101638434,reference scenario: 1.5% general minimum × 50% = 0.75%,DSR-based theoretical limit; variable-rate mortgage; 30-year equal principal+interest,"Actual approval may differ due to LTV, mortgage caps, debt-type DSR rules, income recognition, and lender underwriting."
50000000,500000,4,수도권·규제지역,3,7,40,30,원리금균등,20000000,14000000,175358829,75153784,2026 H2 official minimum stress rate: 3.0%,DSR-based theoretical limit; variable-rate mortgage; 30-year equal principal+interest,"Actual approval may differ due to LTV, mortgage caps, debt-type DSR rules, income recognition, and lender underwriting."
50000000,500000,4,비수도권·비규제지역,0.75,4.75,40,30,원리금균등,20000000,14000000,223650460,95850197,reference scenario: 1.5% general minimum × 50% = 0.75%,DSR-based theoretical limit; variable-rate mortgage; 30-year equal principal+interest,"Actual approval may differ due to LTV, mortgage caps, debt-type DSR rules, income recognition, and lender underwriting."
50000000,500000,4.5,수도권·규제지역,3,7.5,40,30,원리금균등,20000000,14000000,166853899,71508813,2026 H2 official minimum stress rate: 3.0%,DSR-based theoretical limit; variable-rate mortgage; 30-year equal principal+interest,"Actual approval may differ due to LTV, mortgage caps, debt-type DSR rules, income recognition, and lender underwriting."
50000000,500000,4.5,비수도권·비규제지역,0.75,5.25,40,30,원리금균등,20000000,14000000,211274691,90546296,reference scenario: 1.5% general minimum × 50% = 0.75%,DSR-based theoretical limit; variable-rate mortgage; 30-year equal principal+interest,"Actual approval may differ due to LTV, mortgage caps, debt-type DSR rules, income recognition, and lender underwriting."
50000000,500000,5,수도권·규제지역,3,8,40,30,원리금균등,20000000,14000000,158997410,68141747,2026 H2 official minimum stress rate: 3.0%,DSR-based theoretical limit; variable-rate mortgage; 30-year equal principal+interest,"Actual approval may differ due to LTV, mortgage caps, debt-type DSR rules, income recognition, and lender underwriting."
50000000,500000,5,비수도권·비규제지역,0.75,5.75,40,30,원리금균등,20000000,14000000,199917911,85679105,reference scenario: 1.5% general minimum × 50% = 0.75%,DSR-based theoretical limit; variable-rate mortgage; 30-year equal principal+interest,"Actual approval may differ due to LTV, mortgage caps, debt-type DSR rules, income recognition, and lender underwriting."
50000000,700000,3.5,수도권·규제지역,3,6.5,40,30,원리금균등,20000000,11600000,152937126,110747573,2026 H2 official minimum stress rate: 3.0%,DSR-based theoretical limit; variable-rate mortgage; 30-year equal principal+interest,"Actual approval may differ due to LTV, mortgage caps, debt-type DSR rules, income recognition, and lender underwriting."
50000000,700000,3.5,비수도권·비규제지역,0.75,4.25,40,30,원리금균등,20000000,11600000,196500972,142293807,reference scenario: 1.5% general minimum × 50% = 0.75%,DSR-based theoretical limit; variable-rate mortgage; 30-year equal principal+interest,"Actual approval may differ due to LTV, mortgage caps, debt-type DSR rules, income recognition, and lender underwriting."
50000000,700000,4,수도권·규제지역,3,7,40,30,원리금균등,20000000,11600000,145297316,105215297,2026 H2 official minimum stress rate: 3.0%,DSR-based theoretical limit; variable-rate mortgage; 30-year equal principal+interest,"Actual approval may differ due to LTV, mortgage caps, debt-type DSR rules, income recognition, and lender underwriting."
50000000,700000,4,비수도권·비규제지역,0.75,4.75,40,30,원리금균등,20000000,11600000,185310381,134190276,reference scenario: 1.5% general minimum × 50% = 0.75%,DSR-based theoretical limit; variable-rate mortgage; 30-year equal principal+interest,"Actual approval may differ due to LTV, mortgage caps, debt-type DSR rules, income recognition, and lender underwriting."
50000000,700000,4.5,수도권·규제지역,3,7.5,40,30,원리금균등,20000000,11600000,138250373,100112339,2026 H2 official minimum stress rate: 3.0%,DSR-based theoretical limit; variable-rate mortgage; 30-year equal principal+interest,"Actual approval may differ due to LTV, mortgage caps, debt-type DSR rules, income recognition, and lender underwriting."
50000000,700000,4.5,비수도권·비규제지역,0.75,5.25,40,30,원리금균등,20000000,11600000,175056173,126764814,reference scenario: 1.5% general minimum × 50% = 0.75%,DSR-based theoretical limit; variable-rate mortgage; 30-year equal principal+interest,"Actual approval may differ due to LTV, mortgage caps, debt-type DSR rules, income recognition, and lender underwriting."
50000000,700000,5,수도권·규제지역,3,8,40,30,원리금균등,20000000,11600000,131740711,95398446,2026 H2 official minimum stress rate: 3.0%,DSR-based theoretical limit; variable-rate mortgage; 30-year equal principal+interest,"Actual approval may differ due to LTV, mortgage caps, debt-type DSR rules, income recognition, and lender underwriting."
50000000,700000,5,비수도권·비규제지역,0.75,5.75,40,30,원리금균등,20000000,11600000,165646270,119950746,reference scenario: 1.5% general minimum × 50% = 0.75%,DSR-based theoretical limit; variable-rate mortgage; 30-year equal principal+interest,"Actual approval may differ due to LTV, mortgage caps, debt-type DSR rules, income recognition, and lender underwriting."
50000000,1000000,3.5,수도권·규제지역,3,6.5,40,30,원리금균등,20000000,8000000,105473880,158210819,2026 H2 official minimum stress rate: 3.0%,DSR-based theoretical limit; variable-rate mortgage; 30-year equal principal+interest,"Actual approval may differ due to LTV, mortgage caps, debt-type DSR rules, income recognition, and lender underwriting."
50000000,1000000,3.5,비수도권·비규제지역,0.75,4.25,40,30,원리금균등,20000000,8000000,135517912,203276867,reference scenario: 1.5% general minimum × 50% = 0.75%,DSR-based theoretical limit; variable-rate mortgage; 30-year equal principal+interest,"Actual approval may differ due to LTV, mortgage caps, debt-type DSR rules, income recognition, and lender underwriting."
50000000,1000000,4,수도권·규제지역,3,7,40,30,원리금균등,20000000,8000000,100205045,150307568,2026 H2 official minimum stress rate: 3.0%,DSR-based theoretical limit; variable-rate mortgage; 30-year equal principal+interest,"Actual approval may differ due to LTV, mortgage caps, debt-type DSR rules, income recognition, and lender underwriting."
50000000,1000000,4,비수도권·비규제지역,0.75,4.75,40,30,원리금균등,20000000,8000000,127800263,191700394,reference scenario: 1.5% general minimum × 50% = 0.75%,DSR-based theoretical limit; variable-rate mortgage; 30-year equal principal+interest,"Actual approval may differ due to LTV, mortgage caps, debt-type DSR rules, income recognition, and lender underwriting."
50000000,1000000,4.5,수도권·규제지역,3,7.5,40,30,원리금균등,20000000,8000000,95345085,143017627,2026 H2 official minimum stress rate: 3.0%,DSR-based theoretical limit; variable-rate mortgage; 30-year equal principal+interest,"Actual approval may differ due to LTV, mortgage caps, debt-type DSR rules, income recognition, and lender underwriting."
50000000,1000000,4.5,비수도권·비규제지역,0.75,5.25,40,30,원리금균등,20000000,8000000,120728395,181092592,reference scenario: 1.5% general minimum × 50% = 0.75%,DSR-based theoretical limit; variable-rate mortgage; 30-year equal principal+interest,"Actual approval may differ due to LTV, mortgage caps, debt-type DSR rules, income recognition, and lender underwriting."
50000000,1000000,5,수도권·규제지역,3,8,40,30,원리금균등,20000000,8000000,90855663,136283494,2026 H2 official minimum stress rate: 3.0%,DSR-based theoretical limit; variable-rate mortgage; 30-year equal principal+interest,"Actual approval may differ due to LTV, mortgage caps, debt-type DSR rules, income recognition, and lender underwriting."
50000000,1000000,5,비수도권·비규제지역,0.75,5.75,40,30,원리금균등,20000000,8000000,114238807,171358209,reference scenario: 1.5% general minimum × 50% = 0.75%,DSR-based theoretical limit; variable-rate mortgage; 30-year equal principal+interest,"Actual approval may differ due to LTV, mortgage caps, debt-type DSR rules, income recognition, and lender underwriting."
60000000,0,3.5,수도권·규제지역,3,6.5,40,30,원리금균등,24000000,24000000,316421639,0,2026 H2 official minimum stress rate: 3.0%,DSR-based theoretical limit; variable-rate mortgage; 30-year equal principal+interest,"Actual approval may differ due to LTV, mortgage caps, debt-type DSR rules, income recognition, and lender underwriting."
60000000,0,3.5,비수도권·비규제지역,0.75,4.25,40,30,원리금균등,24000000,24000000,406553735,0,reference scenario: 1.5% general minimum × 50% = 0.75%,DSR-based theoretical limit; variable-rate mortgage; 30-year equal principal+interest,"Actual approval may differ due to LTV, mortgage caps, debt-type DSR rules, income recognition, and lender underwriting."
60000000,0,4,수도권·규제지역,3,7,40,30,원리금균등,24000000,24000000,300615136,0,2026 H2 official minimum stress rate: 3.0%,DSR-based theoretical limit; variable-rate mortgage; 30-year equal principal+interest,"Actual approval may differ due to LTV, mortgage caps, debt-type DSR rules, income recognition, and lender underwriting."
60000000,0,4,비수도권·비규제지역,0.75,4.75,40,30,원리금균등,24000000,24000000,383400788,0,reference scenario: 1.5% general minimum × 50% = 0.75%,DSR-based theoretical limit; variable-rate mortgage; 30-year equal principal+interest,"Actual approval may differ due to LTV, mortgage caps, debt-type DSR rules, income recognition, and lender underwriting."
60000000,0,4.5,수도권·규제지역,3,7.5,40,30,원리금균등,24000000,24000000,286035255,0,2026 H2 official minimum stress rate: 3.0%,DSR-based theoretical limit; variable-rate mortgage; 30-year equal principal+interest,"Actual approval may differ due to LTV, mortgage caps, debt-type DSR rules, income recognition, and lender underwriting."
60000000,0,4.5,비수도권·비규제지역,0.75,5.25,40,30,원리금균등,24000000,24000000,362185185,0,reference scenario: 1.5% general minimum × 50% = 0.75%,DSR-based theoretical limit; variable-rate mortgage; 30-year equal principal+interest,"Actual approval may differ due to LTV, mortgage caps, debt-type DSR rules, income recognition, and lender underwriting."
60000000,0,5,수도권·규제지역,3,8,40,30,원리금균등,24000000,24000000,272566988,0,2026 H2 official minimum stress rate: 3.0%,DSR-based theoretical limit; variable-rate mortgage; 30-year equal principal+interest,"Actual approval may differ due to LTV, mortgage caps, debt-type DSR rules, income recognition, and lender underwriting."
60000000,0,5,비수도권·비규제지역,0.75,5.75,40,30,원리금균등,24000000,24000000,342716420,0,reference scenario: 1.5% general minimum × 50% = 0.75%,DSR-based theoretical limit; variable-rate mortgage; 30-year equal principal+interest,"Actual approval may differ due to LTV, mortgage caps, debt-type DSR rules, income recognition, and lender underwriting."
60000000,300000,3.5,수도권·규제지역,3,6.5,40,30,원리금균등,24000000,20400000,268958393,47463246,2026 H2 official minimum stress rate: 3.0%,DSR-based theoretical limit; variable-rate mortgage; 30-year equal principal+interest,"Actual approval may differ due to LTV, mortgage caps, debt-type DSR rules, income recognition, and lender underwriting."
60000000,300000,3.5,비수도권·비규제지역,0.75,4.25,40,30,원리금균등,24000000,20400000,345570675,60983060,reference scenario: 1.5% general minimum × 50% = 0.75%,DSR-based theoretical limit; variable-rate mortgage; 30-year equal principal+interest,"Actual approval may differ due to LTV, mortgage caps, debt-type DSR rules, income recognition, and lender underwriting."
60000000,300000,4,수도권·규제지역,3,7,40,30,원리금균등,24000000,20400000,255522866,45092270,2026 H2 official minimum stress rate: 3.0%,DSR-based theoretical limit; variable-rate mortgage; 30-year equal principal+interest,"Actual approval may differ due to LTV, mortgage caps, debt-type DSR rules, income recognition, and lender underwriting."
60000000,300000,4,비수도권·비규제지역,0.75,4.75,40,30,원리금균등,24000000,20400000,325890670,57510118,reference scenario: 1.5% general minimum × 50% = 0.75%,DSR-based theoretical limit; variable-rate mortgage; 30-year equal principal+interest,"Actual approval may differ due to LTV, mortgage caps, debt-type DSR rules, income recognition, and lender underwriting."
60000000,300000,4.5,수도권·규제지역,3,7.5,40,30,원리금균등,24000000,20400000,243129966,42905289,2026 H2 official minimum stress rate: 3.0%,DSR-based theoretical limit; variable-rate mortgage; 30-year equal principal+interest,"Actual approval may differ due to LTV, mortgage caps, debt-type DSR rules, income recognition, and lender underwriting."
60000000,300000,4.5,비수도권·비규제지역,0.75,5.25,40,30,원리금균등,24000000,20400000,307857407,54327778,reference scenario: 1.5% general minimum × 50% = 0.75%,DSR-based theoretical limit; variable-rate mortgage; 30-year equal principal+interest,"Actual approval may differ due to LTV, mortgage caps, debt-type DSR rules, income recognition, and lender underwriting."
60000000,300000,5,수도권·규제지역,3,8,40,30,원리금균등,24000000,20400000,231681940,40885048,2026 H2 official minimum stress rate: 3.0%,DSR-based theoretical limit; variable-rate mortgage; 30-year equal principal+interest,"Actual approval may differ due to LTV, mortgage caps, debt-type DSR rules, income recognition, and lender underwriting."
60000000,300000,5,비수도권·비규제지역,0.75,5.75,40,30,원리금균등,24000000,20400000,291308957,51407463,reference scenario: 1.5% general minimum × 50% = 0.75%,DSR-based theoretical limit; variable-rate mortgage; 30-year equal principal+interest,"Actual approval may differ due to LTV, mortgage caps, debt-type DSR rules, income recognition, and lender underwriting."
60000000,500000,3.5,수도권·규제지역,3,6.5,40,30,원리금균등,24000000,18000000,237316229,79105410,2026 H2 official minimum stress rate: 3.0%,DSR-based theoretical limit; variable-rate mortgage; 30-year equal principal+interest,"Actual approval may differ due to LTV, mortgage caps, debt-type DSR rules, income recognition, and lender underwriting."
60000000,500000,3.5,비수도권·비규제지역,0.75,4.25,40,30,원리금균등,24000000,18000000,304915301,101638434,reference scenario: 1.5% general minimum × 50% = 0.75%,DSR-based theoretical limit; variable-rate mortgage; 30-year equal principal+interest,"Actual approval may differ due to LTV, mortgage caps, debt-type DSR rules, income recognition, and lender underwriting."
60000000,500000,4,수도권·규제지역,3,7,40,30,원리금균등,24000000,18000000,225461352,75153784,2026 H2 official minimum stress rate: 3.0%,DSR-based theoretical limit; variable-rate mortgage; 30-year equal principal+interest,"Actual approval may differ due to LTV, mortgage caps, debt-type DSR rules, income recognition, and lender underwriting."
60000000,500000,4,비수도권·비규제지역,0.75,4.75,40,30,원리금균등,24000000,18000000,287550591,95850197,reference scenario: 1.5% general minimum × 50% = 0.75%,DSR-based theoretical limit; variable-rate mortgage; 30-year equal principal+interest,"Actual approval may differ due to LTV, mortgage caps, debt-type DSR rules, income recognition, and lender underwriting."
60000000,500000,4.5,수도권·규제지역,3,7.5,40,30,원리금균등,24000000,18000000,214526441,71508814,2026 H2 official minimum stress rate: 3.0%,DSR-based theoretical limit; variable-rate mortgage; 30-year equal principal+interest,"Actual approval may differ due to LTV, mortgage caps, debt-type DSR rules, income recognition, and lender underwriting."
60000000,500000,4.5,비수도권·비규제지역,0.75,5.25,40,30,원리금균등,24000000,18000000,271638889,90546296,reference scenario: 1.5% general minimum × 50% = 0.75%,DSR-based theoretical limit; variable-rate mortgage; 30-year equal principal+interest,"Actual approval may differ due to LTV, mortgage caps, debt-type DSR rules, income recognition, and lender underwriting."
60000000,500000,5,수도권·규제지역,3,8,40,30,원리금균등,24000000,18000000,204425241,68141747,2026 H2 official minimum stress rate: 3.0%,DSR-based theoretical limit; variable-rate mortgage; 30-year equal principal+interest,"Actual approval may differ due to LTV, mortgage caps, debt-type DSR rules, income recognition, and lender underwriting."
60000000,500000,5,비수도권·비규제지역,0.75,5.75,40,30,원리금균등,24000000,18000000,257037315,85679105,reference scenario: 1.5% general minimum × 50% = 0.75%,DSR-based theoretical limit; variable-rate mortgage; 30-year equal principal+interest,"Actual approval may differ due to LTV, mortgage caps, debt-type DSR rules, income recognition, and lender underwriting."
60000000,700000,3.5,수도권·규제지역,3,6.5,40,30,원리금균등,24000000,15600000,205674065,110747574,2026 H2 official minimum stress rate: 3.0%,DSR-based theoretical limit; variable-rate mortgage; 30-year equal principal+interest,"Actual approval may differ due to LTV, mortgage caps, debt-type DSR rules, income recognition, and lender underwriting."
60000000,700000,3.5,비수도권·비규제지역,0.75,4.25,40,30,원리금균등,24000000,15600000,264259928,142293807,reference scenario: 1.5% general minimum × 50% = 0.75%,DSR-based theoretical limit; variable-rate mortgage; 30-year equal principal+interest,"Actual approval may differ due to LTV, mortgage caps, debt-type DSR rules, income recognition, and lender underwriting."
60000000,700000,4,수도권·규제지역,3,7,40,30,원리금균등,24000000,15600000,195399838,105215298,2026 H2 official minimum stress rate: 3.0%,DSR-based theoretical limit; variable-rate mortgage; 30-year equal principal+interest,"Actual approval may differ due to LTV, mortgage caps, debt-type DSR rules, income recognition, and lender underwriting."
60000000,700000,4,비수도권·비규제지역,0.75,4.75,40,30,원리금균등,24000000,15600000,249210512,134190276,reference scenario: 1.5% general minimum × 50% = 0.75%,DSR-based theoretical limit; variable-rate mortgage; 30-year equal principal+interest,"Actual approval may differ due to LTV, mortgage caps, debt-type DSR rules, income recognition, and lender underwriting."
60000000,700000,4.5,수도권·규제지역,3,7.5,40,30,원리금균등,24000000,15600000,185922916,100112339,2026 H2 official minimum stress rate: 3.0%,DSR-based theoretical limit; variable-rate mortgage; 30-year equal principal+interest,"Actual approval may differ due to LTV, mortgage caps, debt-type DSR rules, income recognition, and lender underwriting."
60000000,700000,4.5,비수도권·비규제지역,0.75,5.25,40,30,원리금균등,24000000,15600000,235420370,126764815,reference scenario: 1.5% general minimum × 50% = 0.75%,DSR-based theoretical limit; variable-rate mortgage; 30-year equal principal+interest,"Actual approval may differ due to LTV, mortgage caps, debt-type DSR rules, income recognition, and lender underwriting."
60000000,700000,5,수도권·규제지역,3,8,40,30,원리금균등,24000000,15600000,177168542,95398446,2026 H2 official minimum stress rate: 3.0%,DSR-based theoretical limit; variable-rate mortgage; 30-year equal principal+interest,"Actual approval may differ due to LTV, mortgage caps, debt-type DSR rules, income recognition, and lender underwriting."
60000000,700000,5,비수도권·비규제지역,0.75,5.75,40,30,원리금균등,24000000,15600000,222765673,119950747,reference scenario: 1.5% general minimum × 50% = 0.75%,DSR-based theoretical limit; variable-rate mortgage; 30-year equal principal+interest,"Actual approval may differ due to LTV, mortgage caps, debt-type DSR rules, income recognition, and lender underwriting."
60000000,1000000,3.5,수도권·규제지역,3,6.5,40,30,원리금균등,24000000,12000000,158210820,158210819,2026 H2 official minimum stress rate: 3.0%,DSR-based theoretical limit; variable-rate mortgage; 30-year equal principal+interest,"Actual approval may differ due to LTV, mortgage caps, debt-type DSR rules, income recognition, and lender underwriting."
60000000,1000000,3.5,비수도권·비규제지역,0.75,4.25,40,30,원리금균등,24000000,12000000,203276867,203276868,reference scenario: 1.5% general minimum × 50% = 0.75%,DSR-based theoretical limit; variable-rate mortgage; 30-year equal principal+interest,"Actual approval may differ due to LTV, mortgage caps, debt-type DSR rules, income recognition, and lender underwriting."
60000000,1000000,4,수도권·규제지역,3,7,40,30,원리금균등,24000000,12000000,150307568,150307568,2026 H2 official minimum stress rate: 3.0%,DSR-based theoretical limit; variable-rate mortgage; 30-year equal principal+interest,"Actual approval may differ due to LTV, mortgage caps, debt-type DSR rules, income recognition, and lender underwriting."
60000000,1000000,4,비수도권·비규제지역,0.75,4.75,40,30,원리금균등,24000000,12000000,191700394,191700394,reference scenario: 1.5% general minimum × 50% = 0.75%,DSR-based theoretical limit; variable-rate mortgage; 30-year equal principal+interest,"Actual approval may differ due to LTV, mortgage caps, debt-type DSR rules, income recognition, and lender underwriting."
60000000,1000000,4.5,수도권·규제지역,3,7.5,40,30,원리금균등,24000000,12000000,143017627,143017628,2026 H2 official minimum stress rate: 3.0%,DSR-based theoretical limit; variable-rate mortgage; 30-year equal principal+interest,"Actual approval may differ due to LTV, mortgage caps, debt-type DSR rules, income recognition, and lender underwriting."
60000000,1000000,4.5,비수도권·비규제지역,0.75,5.25,40,30,원리금균등,24000000,12000000,181092592,181092593,reference scenario: 1.5% general minimum × 50% = 0.75%,DSR-based theoretical limit; variable-rate mortgage; 30-year equal principal+interest,"Actual approval may differ due to LTV, mortgage caps, debt-type DSR rules, income recognition, and lender underwriting."
60000000,1000000,5,수도권·규제지역,3,8,40,30,원리금균등,24000000,12000000,136283494,136283494,2026 H2 official minimum stress rate: 3.0%,DSR-based theoretical limit; variable-rate mortgage; 30-year equal principal+interest,"Actual approval may differ due to LTV, mortgage caps, debt-type DSR rules, income recognition, and lender underwriting."
60000000,1000000,5,비수도권·비규제지역,0.75,5.75,40,30,원리금균등,24000000,12000000,171358210,171358210,reference scenario: 1.5% general minimum × 50% = 0.75%,DSR-based theoretical limit; variable-rate mortgage; 30-year equal principal+interest,"Actual approval may differ due to LTV, mortgage caps, debt-type DSR rules, income recognition, and lender underwriting."
80000000,0,3.5,수도권·규제지역,3,6.5,40,30,원리금균등,32000000,32000000,421895519,0,2026 H2 official minimum stress rate: 3.0%,DSR-based theoretical limit; variable-rate mortgage; 30-year equal principal+interest,"Actual approval may differ due to LTV, mortgage caps, debt-type DSR rules, income recognition, and lender underwriting."
80000000,0,3.5,비수도권·비규제지역,0.75,4.25,40,30,원리금균등,32000000,32000000,542071646,0,reference scenario: 1.5% general minimum × 50% = 0.75%,DSR-based theoretical limit; variable-rate mortgage; 30-year equal principal+interest,"Actual approval may differ due to LTV, mortgage caps, debt-type DSR rules, income recognition, and lender underwriting."
80000000,0,4,수도권·규제지역,3,7,40,30,원리금균등,32000000,32000000,400820181,0,2026 H2 official minimum stress rate: 3.0%,DSR-based theoretical limit; variable-rate mortgage; 30-year equal principal+interest,"Actual approval may differ due to LTV, mortgage caps, debt-type DSR rules, income recognition, and lender underwriting."
80000000,0,4,비수도권·비규제지역,0.75,4.75,40,30,원리금균등,32000000,32000000,511201051,0,reference scenario: 1.5% general minimum × 50% = 0.75%,DSR-based theoretical limit; variable-rate mortgage; 30-year equal principal+interest,"Actual approval may differ due to LTV, mortgage caps, debt-type DSR rules, income recognition, and lender underwriting."
80000000,0,4.5,수도권·규제지역,3,7.5,40,30,원리금균등,32000000,32000000,381380340,0,2026 H2 official minimum stress rate: 3.0%,DSR-based theoretical limit; variable-rate mortgage; 30-year equal principal+interest,"Actual approval may differ due to LTV, mortgage caps, debt-type DSR rules, income recognition, and lender underwriting."
80000000,0,4.5,비수도권·비규제지역,0.75,5.25,40,30,원리금균등,32000000,32000000,482913580,0,reference scenario: 1.5% general minimum × 50% = 0.75%,DSR-based theoretical limit; variable-rate mortgage; 30-year equal principal+interest,"Actual approval may differ due to LTV, mortgage caps, debt-type DSR rules, income recognition, and lender underwriting."
80000000,0,5,수도권·규제지역,3,8,40,30,원리금균등,32000000,32000000,363422651,0,2026 H2 official minimum stress rate: 3.0%,DSR-based theoretical limit; variable-rate mortgage; 30-year equal principal+interest,"Actual approval may differ due to LTV, mortgage caps, debt-type DSR rules, income recognition, and lender underwriting."
80000000,0,5,비수도권·비규제지역,0.75,5.75,40,30,원리금균등,32000000,32000000,456955226,0,reference scenario: 1.5% general minimum × 50% = 0.75%,DSR-based theoretical limit; variable-rate mortgage; 30-year equal principal+interest,"Actual approval may differ due to LTV, mortgage caps, debt-type DSR rules, income recognition, and lender underwriting."
80000000,300000,3.5,수도권·규제지역,3,6.5,40,30,원리금균등,32000000,28400000,374432273,47463246,2026 H2 official minimum stress rate: 3.0%,DSR-based theoretical limit; variable-rate mortgage; 30-year equal principal+interest,"Actual approval may differ due to LTV, mortgage caps, debt-type DSR rules, income recognition, and lender underwriting."
80000000,300000,3.5,비수도권·비규제지역,0.75,4.25,40,30,원리금균등,32000000,28400000,481088586,60983060,reference scenario: 1.5% general minimum × 50% = 0.75%,DSR-based theoretical limit; variable-rate mortgage; 30-year equal principal+interest,"Actual approval may differ due to LTV, mortgage caps, debt-type DSR rules, income recognition, and lender underwriting."
80000000,300000,4,수도권·규제지역,3,7,40,30,원리금균등,32000000,28400000,355727911,45092270,2026 H2 official minimum stress rate: 3.0%,DSR-based theoretical limit; variable-rate mortgage; 30-year equal principal+interest,"Actual approval may differ due to LTV, mortgage caps, debt-type DSR rules, income recognition, and lender underwriting."
80000000,300000,4,비수도권·비규제지역,0.75,4.75,40,30,원리금균등,32000000,28400000,453690933,57510118,reference scenario: 1.5% general minimum × 50% = 0.75%,DSR-based theoretical limit; variable-rate mortgage; 30-year equal principal+interest,"Actual approval may differ due to LTV, mortgage caps, debt-type DSR rules, income recognition, and lender underwriting."
80000000,300000,4.5,수도권·규제지역,3,7.5,40,30,원리금균등,32000000,28400000,338475051,42905289,2026 H2 official minimum stress rate: 3.0%,DSR-based theoretical limit; variable-rate mortgage; 30-year equal principal+interest,"Actual approval may differ due to LTV, mortgage caps, debt-type DSR rules, income recognition, and lender underwriting."
80000000,300000,4.5,비수도권·비규제지역,0.75,5.25,40,30,원리금균등,32000000,28400000,428585802,54327778,reference scenario: 1.5% general minimum × 50% = 0.75%,DSR-based theoretical limit; variable-rate mortgage; 30-year equal principal+interest,"Actual approval may differ due to LTV, mortgage caps, debt-type DSR rules, income recognition, and lender underwriting."
80000000,300000,5,수도권·규제지역,3,8,40,30,원리금균등,32000000,28400000,322537603,40885048,2026 H2 official minimum stress rate: 3.0%,DSR-based theoretical limit; variable-rate mortgage; 30-year equal principal+interest,"Actual approval may differ due to LTV, mortgage caps, debt-type DSR rules, income recognition, and lender underwriting."
80000000,300000,5,비수도권·비규제지역,0.75,5.75,40,30,원리금균등,32000000,28400000,405547763,51407463,reference scenario: 1.5% general minimum × 50% = 0.75%,DSR-based theoretical limit; variable-rate mortgage; 30-year equal principal+interest,"Actual approval may differ due to LTV, mortgage caps, debt-type DSR rules, income recognition, and lender underwriting."
80000000,500000,3.5,수도권·규제지역,3,6.5,40,30,원리금균등,32000000,26000000,342790109,79105410,2026 H2 official minimum stress rate: 3.0%,DSR-based theoretical limit; variable-rate mortgage; 30-year equal principal+interest,"Actual approval may differ due to LTV, mortgage caps, debt-type DSR rules, income recognition, and lender underwriting."
80000000,500000,3.5,비수도권·비규제지역,0.75,4.25,40,30,원리금균등,32000000,26000000,440433213,101638433,reference scenario: 1.5% general minimum × 50% = 0.75%,DSR-based theoretical limit; variable-rate mortgage; 30-year equal principal+interest,"Actual approval may differ due to LTV, mortgage caps, debt-type DSR rules, income recognition, and lender underwriting."
80000000,500000,4,수도권·규제지역,3,7,40,30,원리금균등,32000000,26000000,325666397,75153784,2026 H2 official minimum stress rate: 3.0%,DSR-based theoretical limit; variable-rate mortgage; 30-year equal principal+interest,"Actual approval may differ due to LTV, mortgage caps, debt-type DSR rules, income recognition, and lender underwriting."
80000000,500000,4,비수도권·비규제지역,0.75,4.75,40,30,원리금균등,32000000,26000000,415350854,95850197,reference scenario: 1.5% general minimum × 50% = 0.75%,DSR-based theoretical limit; variable-rate mortgage; 30-year equal principal+interest,"Actual approval may differ due to LTV, mortgage caps, debt-type DSR rules, income recognition, and lender underwriting."
80000000,500000,4.5,수도권·규제지역,3,7.5,40,30,원리금균등,32000000,26000000,309871526,71508814,2026 H2 official minimum stress rate: 3.0%,DSR-based theoretical limit; variable-rate mortgage; 30-year equal principal+interest,"Actual approval may differ due to LTV, mortgage caps, debt-type DSR rules, income recognition, and lender underwriting."
80000000,500000,4.5,비수도권·비규제지역,0.75,5.25,40,30,원리금균등,32000000,26000000,392367284,90546296,reference scenario: 1.5% general minimum × 50% = 0.75%,DSR-based theoretical limit; variable-rate mortgage; 30-year equal principal+interest,"Actual approval may differ due to LTV, mortgage caps, debt-type DSR rules, income recognition, and lender underwriting."
80000000,500000,5,수도권·규제지역,3,8,40,30,원리금균등,32000000,26000000,295280904,68141747,2026 H2 official minimum stress rate: 3.0%,DSR-based theoretical limit; variable-rate mortgage; 30-year equal principal+interest,"Actual approval may differ due to LTV, mortgage caps, debt-type DSR rules, income recognition, and lender underwriting."
80000000,500000,5,비수도권·비규제지역,0.75,5.75,40,30,원리금균등,32000000,26000000,371276121,85679105,reference scenario: 1.5% general minimum × 50% = 0.75%,DSR-based theoretical limit; variable-rate mortgage; 30-year equal principal+interest,"Actual approval may differ due to LTV, mortgage caps, debt-type DSR rules, income recognition, and lender underwriting."
80000000,700000,3.5,수도권·규제지역,3,6.5,40,30,원리금균등,32000000,23600000,311147945,110747574,2026 H2 official minimum stress rate: 3.0%,DSR-based theoretical limit; variable-rate mortgage; 30-year equal principal+interest,"Actual approval may differ due to LTV, mortgage caps, debt-type DSR rules, income recognition, and lender underwriting."
80000000,700000,3.5,비수도권·비규제지역,0.75,4.25,40,30,원리금균등,32000000,23600000,399777839,142293807,reference scenario: 1.5% general minimum × 50% = 0.75%,DSR-based theoretical limit; variable-rate mortgage; 30-year equal principal+interest,"Actual approval may differ due to LTV, mortgage caps, debt-type DSR rules, income recognition, and lender underwriting."
80000000,700000,4,수도권·규제지역,3,7,40,30,원리금균등,32000000,23600000,295604884,105215297,2026 H2 official minimum stress rate: 3.0%,DSR-based theoretical limit; variable-rate mortgage; 30-year equal principal+interest,"Actual approval may differ due to LTV, mortgage caps, debt-type DSR rules, income recognition, and lender underwriting."
80000000,700000,4,비수도권·비규제지역,0.75,4.75,40,30,원리금균등,32000000,23600000,377010775,134190276,reference scenario: 1.5% general minimum × 50% = 0.75%,DSR-based theoretical limit; variable-rate mortgage; 30-year equal principal+interest,"Actual approval may differ due to LTV, mortgage caps, debt-type DSR rules, income recognition, and lender underwriting."
80000000,700000,4.5,수도권·규제지역,3,7.5,40,30,원리금균등,32000000,23600000,281268000,100112340,2026 H2 official minimum stress rate: 3.0%,DSR-based theoretical limit; variable-rate mortgage; 30-year equal principal+interest,"Actual approval may differ due to LTV, mortgage caps, debt-type DSR rules, income recognition, and lender underwriting."
80000000,700000,4.5,비수도권·비규제지역,0.75,5.25,40,30,원리금균등,32000000,23600000,356148765,126764815,reference scenario: 1.5% general minimum × 50% = 0.75%,DSR-based theoretical limit; variable-rate mortgage; 30-year equal principal+interest,"Actual approval may differ due to LTV, mortgage caps, debt-type DSR rules, income recognition, and lender underwriting."
80000000,700000,5,수도권·규제지역,3,8,40,30,원리금균등,32000000,23600000,268024205,95398446,2026 H2 official minimum stress rate: 3.0%,DSR-based theoretical limit; variable-rate mortgage; 30-year equal principal+interest,"Actual approval may differ due to LTV, mortgage caps, debt-type DSR rules, income recognition, and lender underwriting."
80000000,700000,5,비수도권·비규제지역,0.75,5.75,40,30,원리금균등,32000000,23600000,337004479,119950747,reference scenario: 1.5% general minimum × 50% = 0.75%,DSR-based theoretical limit; variable-rate mortgage; 30-year equal principal+interest,"Actual approval may differ due to LTV, mortgage caps, debt-type DSR rules, income recognition, and lender underwriting."
80000000,1000000,3.5,수도권·규제지역,3,6.5,40,30,원리금균등,32000000,20000000,263684699,158210820,2026 H2 official minimum stress rate: 3.0%,DSR-based theoretical limit; variable-rate mortgage; 30-year equal principal+interest,"Actual approval may differ due to LTV, mortgage caps, debt-type DSR rules, income recognition, and lender underwriting."
80000000,1000000,3.5,비수도권·비규제지역,0.75,4.25,40,30,원리금균등,32000000,20000000,338794779,203276867,reference scenario: 1.5% general minimum × 50% = 0.75%,DSR-based theoretical limit; variable-rate mortgage; 30-year equal principal+interest,"Actual approval may differ due to LTV, mortgage caps, debt-type DSR rules, income recognition, and lender underwriting."
80000000,1000000,4,수도권·규제지역,3,7,40,30,원리금균등,32000000,20000000,250512613,150307568,2026 H2 official minimum stress rate: 3.0%,DSR-based theoretical limit; variable-rate mortgage; 30-year equal principal+interest,"Actual approval may differ due to LTV, mortgage caps, debt-type DSR rules, income recognition, and lender underwriting."
80000000,1000000,4,비수도권·비규제지역,0.75,4.75,40,30,원리금균등,32000000,20000000,319500657,191700394,reference scenario: 1.5% general minimum × 50% = 0.75%,DSR-based theoretical limit; variable-rate mortgage; 30-year equal principal+interest,"Actual approval may differ due to LTV, mortgage caps, debt-type DSR rules, income recognition, and lender underwriting."
80000000,1000000,4.5,수도권·규제지역,3,7.5,40,30,원리금균등,32000000,20000000,238362712,143017628,2026 H2 official minimum stress rate: 3.0%,DSR-based theoretical limit; variable-rate mortgage; 30-year equal principal+interest,"Actual approval may differ due to LTV, mortgage caps, debt-type DSR rules, income recognition, and lender underwriting."
80000000,1000000,4.5,비수도권·비규제지역,0.75,5.25,40,30,원리금균등,32000000,20000000,301820987,181092593,reference scenario: 1.5% general minimum × 50% = 0.75%,DSR-based theoretical limit; variable-rate mortgage; 30-year equal principal+interest,"Actual approval may differ due to LTV, mortgage caps, debt-type DSR rules, income recognition, and lender underwriting."
80000000,1000000,5,수도권·규제지역,3,8,40,30,원리금균등,32000000,20000000,227139157,136283494,2026 H2 official minimum stress rate: 3.0%,DSR-based theoretical limit; variable-rate mortgage; 30-year equal principal+interest,"Actual approval may differ due to LTV, mortgage caps, debt-type DSR rules, income recognition, and lender underwriting."
80000000,1000000,5,비수도권·비규제지역,0.75,5.75,40,30,원리금균등,32000000,20000000,285597016,171358210,reference scenario: 1.5% general minimum × 50% = 0.75%,DSR-based theoretical limit; variable-rate mortgage; 30-year equal principal+interest,"Actual approval may differ due to LTV, mortgage caps, debt-type DSR rules, income recognition, and lender underwriting."
