annual_income_krw,region_group,baseline_rate_pct,baseline_monthly_debt_krw,baseline_limit_krw,shock_rate_pct,shock_monthly_debt_krw,shock_limit_krw,limit_loss_krw,limit_loss_pct
40000000,수도권·규제지역,3.5,0,210947759,5.0,500000,113569578,97378181,46.16
40000000,비수도권·비규제지역,3.5,0,271035823,5.0,500000,142798508,128237315,47.31
50000000,수도권·규제지역,3.5,0,263684699,5.0,500000,158997410,104687289,39.70
50000000,비수도권·비규제지역,3.5,0,338794779,5.0,500000,199917911,138876868,40.99
60000000,수도권·규제지역,3.5,0,316421639,5.0,500000,204425241,111996398,35.39
60000000,비수도권·비규제지역,3.5,0,406553735,5.0,500000,257037315,149516420,36.78
80000000,수도권·규제지역,3.5,0,421895519,5.0,500000,295280904,126614615,30.01
80000000,비수도권·비규제지역,3.5,0,542071646,5.0,500000,371276121,170795525,31.51
40000000,수도권·규제지역,3.5,0,210947759,5.0,1000000,45427831,165519928,78.46
40000000,비수도권·비규제지역,3.5,0,271035823,5.0,1000000,57119403,213916420,78.93
50000000,수도권·규제지역,3.5,0,263684699,5.0,1000000,90855663,172829036,65.54
50000000,비수도권·비규제지역,3.5,0,338794779,5.0,1000000,114238807,224555972,66.28
60000000,수도권·규제지역,3.5,0,316421639,5.0,1000000,136283494,180138145,56.93
60000000,비수도권·비규제지역,3.5,0,406553735,5.0,1000000,171358210,235195525,57.85
80000000,수도권·규제지역,3.5,0,421895519,5.0,1000000,227139157,194756362,46.16
80000000,비수도권·비규제지역,3.5,0,542071646,5.0,1000000,285597016,256474630,47.31
