period,year,quarters_included,source_rows,guarantee_amount_100m_krw,households,quality_note
2009,2009,,17,265800,99785,annual_original
2010,2010,,17,179110,80989,annual_original
2011,2011,,17,331086,181797,annual_original
2012,2012,,17,348574,216870,annual_original
2013,2013,,17,377811,214383,annual_original
2014,2014,,17,538823,283665,annual_original
2015,2015,,17,1050753,797968,annual_original
2016,2016,4,68,867382,386250,reported_rows_only
2017,2017,4,68,567590,234777,reported_rows_only
2018,2018,4,68,528949,114161,reported_rows_only
2019,2019,4,68,613619,207000,reported_rows_only
2020,2020,4,65,690990,226050,quarterly_missing_region_rows
2021,2021,4,66,711769,239688,quarterly_missing_region_rows
2022,2022,4,68,838103,241800,reported_rows_only
2023,2023,4,67,1033193,267242,quarterly_missing_region_rows
2024,2024,4,65,748890,163721,quarterly_missing_region_rows
2025,2025,4,62,602194,124480,quarterly_missing_region_rows
2026 Q1-Q2,2026,2,33,431426,90160,quarterly_missing_region_rows
