period,year,quarter,regions_reported,guarantee_amount_100m_krw,households,completeness
2016 Q1,2016,1,17,119907,59139,17_regions
2016 Q2,2016,2,17,299502,125787,17_regions
2016 Q3,2016,3,17,196225,90445,17_regions
2016 Q4,2016,4,17,251748,110879,17_regions
2017 Q1,2017,1,17,77305,39590,17_regions
2017 Q2,2017,2,17,170459,64336,17_regions
2017 Q3,2017,3,17,143747,58166,17_regions
2017 Q4,2017,4,17,176079,72685,17_regions
2018 Q1,2018,1,17,124405,45619,17_regions
2018 Q2,2018,2,17,180268,68093,17_regions
2018 Q3,2018,3,17,78208,193,17_regions
2018 Q4,2018,4,17,146068,256,17_regions
2019 Q1,2019,1,17,108589,35789,17_regions
2019 Q2,2019,2,17,194043,61107,17_regions
2019 Q3,2019,3,17,120117,40750,17_regions
2019 Q4,2019,4,17,190870,69354,17_regions
2020 Q1,2020,1,17,61950,19839,17_regions
2020 Q2,2020,2,16,192107,60336,missing_region_rows
2020 Q3,2020,3,16,218891,71003,missing_region_rows
2020 Q4,2020,4,16,218042,74872,missing_region_rows
2021 Q1,2021,1,17,137129,46696,17_regions
2021 Q2,2021,2,16,162457,58014,missing_region_rows
2021 Q3,2021,3,16,133011,46632,missing_region_rows
2021 Q4,2021,4,17,279172,88346,17_regions
2022 Q1,2022,1,17,302292,89918,17_regions
2022 Q2,2022,2,17,137878,40225,17_regions
2022 Q3,2022,3,17,170136,51358,17_regions
2022 Q4,2022,4,17,227797,60299,17_regions
2023 Q1,2023,1,17,54902,16283,17_regions
2023 Q2,2023,2,17,189561,49625,17_regions
2023 Q3,2023,3,17,284828,74285,17_regions
2023 Q4,2023,4,16,503902,127049,missing_region_rows
2024 Q1,2024,1,16,151200,34337,missing_region_rows
2024 Q2,2024,2,16,221683,49945,missing_region_rows
2024 Q3,2024,3,17,177939,33154,17_regions
2024 Q4,2024,4,16,198068,46285,missing_region_rows
2025 Q1,2025,1,14,58359,13681,missing_region_rows
2025 Q2,2025,2,16,144220,31342,missing_region_rows
2025 Q3,2025,3,15,205901,39147,missing_region_rows
2025 Q4,2025,4,17,193714,40310,17_regions
2026 Q1,2026,1,16,100664,20824,missing_region_rows
2026 Q2,2026,2,17,330762,69336,17_regions
