region,quarter,amount_2025_100m_krw,amount_2026_100m_krw,households_2025,households_2026,amount_change_100m_krw,household_change
강원,1,2547,929,827,295,-1618,-532
경기,1,9953,36097,2679,7110,26144,4431
경남,1,5906,3244,2057,509,-2662,-1548
경북,1,6376,6354,1558,1777,-22,219
광주,1,999,-3545,229,157,-4544,-72
대구,1,2008,278,514,47,-1730,-467
부산,1,4623,11588,844,2765,6965,1921
서울,1,8795,21298,558,1772,12503,1214
울산,1,3107,58,811,60,-3049,-751
인천,1,891,2906,301,680,2015,379
전북,1,4984,12,1426,22,-4972,-1404
충남,1,7237,16389,1498,4387,9152,2889
충북,1,955,6,379,17,-949,-362
강원,2,8,5010,13,1410,5002,1397
경기,2,63202,91895,13889,20252,28693,6363
경남,2,3251,18005,1225,4780,14754,3555
경북,2,1278,21155,418,4741,19877,4323
광주,2,1111,-2279,275,545,-3390,270
대구,2,12321,412,1303,402,-11909,-901
대전,2,4547,18296,1166,3763,13749,2597
부산,2,10544,23544,2518,4577,13000,2059
서울,2,17434,53355,2377,5087,35921,2710
울산,2,1442,4342,362,880,2900,518
인천,2,16687,35502,4014,6276,18815,2262
전남,2,1496,8115,502,2361,6619,1859
전북,2,4,2205,18,715,2201,697
제주,2,117,3520,69,521,3403,452
충남,2,6520,40960,1918,11113,34440,9195
충북,2,4258,6689,1275,1875,2431,600
