loan_principal_krw,term_years,monthly_payment_3_5pct_krw,monthly_payment_5_0pct_krw,monthly_increase_krw,annual_increase_krw,total_payment_increase_over_term_krw
200000000,10,1977717,2121310,143593,1723115,17231155
200000000,20,1159919,1319911,159992,1919905,38398090
200000000,30,898089,1073643,175554,2106646,63199393
300000000,10,2966576,3181965,215389,2584673,25846732
300000000,20,1739879,1979867,239988,2879857,57597135
300000000,30,1347134,1610465,263331,3159970,94799090
400000000,10,3955435,4242621,287186,3446231,34462309
400000000,20,2319839,2639823,319984,3839809,76796180
400000000,30,1796179,2147286,351108,4213293,126398787
500000000,10,4944293,5303276,358982,4307789,43077887
500000000,20,2899799,3299779,399980,4799761,95995225
500000000,30,2245223,2684108,438885,5266616,157998483
