scenario_id,annual_income_krw,auto_installment_monthly_krw,assumed_mortgage_dsr_rate_pct,dsr_limit_pct,mortgage_term_months,monthly_dsr_budget_krw,monthly_mortgage_budget_krw,modeled_mortgage_principal_krw,reduction_vs_zero_auto_krw,assumption_note
AUTO-001,40000000,0,4,40,360,1333333,1333333,279281654,0,Illustrative only: auto installment treated as full monthly DSR obligation; no other debt; mortgage rate is assumed DSR calculation rate; not lender underwriting or official stress DSR rule.
AUTO-002,40000000,300000,4,40,360,1333333,1033333,216443282,62838372,Illustrative only: auto installment treated as full monthly DSR obligation; no other debt; mortgage rate is assumed DSR calculation rate; not lender underwriting or official stress DSR rule.
AUTO-003,40000000,600000,4,40,360,1333333,733333,153604910,125676744,Illustrative only: auto installment treated as full monthly DSR obligation; no other debt; mortgage rate is assumed DSR calculation rate; not lender underwriting or official stress DSR rule.
AUTO-004,40000000,900000,4,40,360,1333333,433333,90766538,188515116,Illustrative only: auto installment treated as full monthly DSR obligation; no other debt; mortgage rate is assumed DSR calculation rate; not lender underwriting or official stress DSR rule.
AUTO-005,40000000,0,5,40,360,1333333,1333333,248375489,0,Illustrative only: auto installment treated as full monthly DSR obligation; no other debt; mortgage rate is assumed DSR calculation rate; not lender underwriting or official stress DSR rule.
AUTO-006,40000000,300000,5,40,360,1333333,1033333,192491004,55884485,Illustrative only: auto installment treated as full monthly DSR obligation; no other debt; mortgage rate is assumed DSR calculation rate; not lender underwriting or official stress DSR rule.
AUTO-007,40000000,600000,5,40,360,1333333,733333,136606519,111768970,Illustrative only: auto installment treated as full monthly DSR obligation; no other debt; mortgage rate is assumed DSR calculation rate; not lender underwriting or official stress DSR rule.
AUTO-008,40000000,900000,5,40,360,1333333,433333,80722034,167653455,Illustrative only: auto installment treated as full monthly DSR obligation; no other debt; mortgage rate is assumed DSR calculation rate; not lender underwriting or official stress DSR rule.
AUTO-009,40000000,0,6,40,360,1333333,1333333,222388819,0,Illustrative only: auto installment treated as full monthly DSR obligation; no other debt; mortgage rate is assumed DSR calculation rate; not lender underwriting or official stress DSR rule.
AUTO-010,40000000,300000,6,40,360,1333333,1033333,172351335,50037484,Illustrative only: auto installment treated as full monthly DSR obligation; no other debt; mortgage rate is assumed DSR calculation rate; not lender underwriting or official stress DSR rule.
AUTO-011,40000000,600000,6,40,360,1333333,733333,122313851,100074968,Illustrative only: auto installment treated as full monthly DSR obligation; no other debt; mortgage rate is assumed DSR calculation rate; not lender underwriting or official stress DSR rule.
AUTO-012,40000000,900000,6,40,360,1333333,433333,72276366,150112453,Illustrative only: auto installment treated as full monthly DSR obligation; no other debt; mortgage rate is assumed DSR calculation rate; not lender underwriting or official stress DSR rule.
AUTO-013,40000000,0,7,40,360,1333333,1333333,200410091,0,Illustrative only: auto installment treated as full monthly DSR obligation; no other debt; mortgage rate is assumed DSR calculation rate; not lender underwriting or official stress DSR rule.
AUTO-014,40000000,300000,7,40,360,1333333,1033333,155317820,45092271,Illustrative only: auto installment treated as full monthly DSR obligation; no other debt; mortgage rate is assumed DSR calculation rate; not lender underwriting or official stress DSR rule.
AUTO-015,40000000,600000,7,40,360,1333333,733333,110225550,90184541,Illustrative only: auto installment treated as full monthly DSR obligation; no other debt; mortgage rate is assumed DSR calculation rate; not lender underwriting or official stress DSR rule.
AUTO-016,40000000,900000,7,40,360,1333333,433333,65133279,135276812,Illustrative only: auto installment treated as full monthly DSR obligation; no other debt; mortgage rate is assumed DSR calculation rate; not lender underwriting or official stress DSR rule.
AUTO-017,50000000,0,4,40,360,1666667,1666667,349102067,0,Illustrative only: auto installment treated as full monthly DSR obligation; no other debt; mortgage rate is assumed DSR calculation rate; not lender underwriting or official stress DSR rule.
AUTO-018,50000000,300000,4,40,360,1666667,1366667,286263695,62838372,Illustrative only: auto installment treated as full monthly DSR obligation; no other debt; mortgage rate is assumed DSR calculation rate; not lender underwriting or official stress DSR rule.
AUTO-019,50000000,600000,4,40,360,1666667,1066667,223425323,125676744,Illustrative only: auto installment treated as full monthly DSR obligation; no other debt; mortgage rate is assumed DSR calculation rate; not lender underwriting or official stress DSR rule.
AUTO-020,50000000,900000,4,40,360,1666667,766667,160586951,188515116,Illustrative only: auto installment treated as full monthly DSR obligation; no other debt; mortgage rate is assumed DSR calculation rate; not lender underwriting or official stress DSR rule.
AUTO-021,50000000,0,5,40,360,1666667,1666667,310469362,0,Illustrative only: auto installment treated as full monthly DSR obligation; no other debt; mortgage rate is assumed DSR calculation rate; not lender underwriting or official stress DSR rule.
AUTO-022,50000000,300000,5,40,360,1666667,1366667,254584877,55884485,Illustrative only: auto installment treated as full monthly DSR obligation; no other debt; mortgage rate is assumed DSR calculation rate; not lender underwriting or official stress DSR rule.
AUTO-023,50000000,600000,5,40,360,1666667,1066667,198700392,111768970,Illustrative only: auto installment treated as full monthly DSR obligation; no other debt; mortgage rate is assumed DSR calculation rate; not lender underwriting or official stress DSR rule.
AUTO-024,50000000,900000,5,40,360,1666667,766667,142815906,167653456,Illustrative only: auto installment treated as full monthly DSR obligation; no other debt; mortgage rate is assumed DSR calculation rate; not lender underwriting or official stress DSR rule.
AUTO-025,50000000,0,6,40,360,1666667,1666667,277986024,0,Illustrative only: auto installment treated as full monthly DSR obligation; no other debt; mortgage rate is assumed DSR calculation rate; not lender underwriting or official stress DSR rule.
AUTO-026,50000000,300000,6,40,360,1666667,1366667,227948540,50037484,Illustrative only: auto installment treated as full monthly DSR obligation; no other debt; mortgage rate is assumed DSR calculation rate; not lender underwriting or official stress DSR rule.
AUTO-027,50000000,600000,6,40,360,1666667,1066667,177911055,100074969,Illustrative only: auto installment treated as full monthly DSR obligation; no other debt; mortgage rate is assumed DSR calculation rate; not lender underwriting or official stress DSR rule.
AUTO-028,50000000,900000,6,40,360,1666667,766667,127873571,150112453,Illustrative only: auto installment treated as full monthly DSR obligation; no other debt; mortgage rate is assumed DSR calculation rate; not lender underwriting or official stress DSR rule.
AUTO-029,50000000,0,7,40,360,1666667,1666667,250512613,0,Illustrative only: auto installment treated as full monthly DSR obligation; no other debt; mortgage rate is assumed DSR calculation rate; not lender underwriting or official stress DSR rule.
AUTO-030,50000000,300000,7,40,360,1666667,1366667,205420343,45092270,Illustrative only: auto installment treated as full monthly DSR obligation; no other debt; mortgage rate is assumed DSR calculation rate; not lender underwriting or official stress DSR rule.
AUTO-031,50000000,600000,7,40,360,1666667,1066667,160328072,90184541,Illustrative only: auto installment treated as full monthly DSR obligation; no other debt; mortgage rate is assumed DSR calculation rate; not lender underwriting or official stress DSR rule.
AUTO-032,50000000,900000,7,40,360,1666667,766667,115235802,135276811,Illustrative only: auto installment treated as full monthly DSR obligation; no other debt; mortgage rate is assumed DSR calculation rate; not lender underwriting or official stress DSR rule.
AUTO-033,60000000,0,4,40,360,2000000,2000000,418922481,0,Illustrative only: auto installment treated as full monthly DSR obligation; no other debt; mortgage rate is assumed DSR calculation rate; not lender underwriting or official stress DSR rule.
AUTO-034,60000000,300000,4,40,360,2000000,1700000,356084109,62838372,Illustrative only: auto installment treated as full monthly DSR obligation; no other debt; mortgage rate is assumed DSR calculation rate; not lender underwriting or official stress DSR rule.
AUTO-035,60000000,600000,4,40,360,2000000,1400000,293245737,125676744,Illustrative only: auto installment treated as full monthly DSR obligation; no other debt; mortgage rate is assumed DSR calculation rate; not lender underwriting or official stress DSR rule.
AUTO-036,60000000,900000,4,40,360,2000000,1100000,230407364,188515117,Illustrative only: auto installment treated as full monthly DSR obligation; no other debt; mortgage rate is assumed DSR calculation rate; not lender underwriting or official stress DSR rule.
AUTO-037,60000000,0,5,40,360,2000000,2000000,372563234,0,Illustrative only: auto installment treated as full monthly DSR obligation; no other debt; mortgage rate is assumed DSR calculation rate; not lender underwriting or official stress DSR rule.
AUTO-038,60000000,300000,5,40,360,2000000,1700000,316678749,55884485,Illustrative only: auto installment treated as full monthly DSR obligation; no other debt; mortgage rate is assumed DSR calculation rate; not lender underwriting or official stress DSR rule.
AUTO-039,60000000,600000,5,40,360,2000000,1400000,260794264,111768970,Illustrative only: auto installment treated as full monthly DSR obligation; no other debt; mortgage rate is assumed DSR calculation rate; not lender underwriting or official stress DSR rule.
AUTO-040,60000000,900000,5,40,360,2000000,1100000,204909779,167653455,Illustrative only: auto installment treated as full monthly DSR obligation; no other debt; mortgage rate is assumed DSR calculation rate; not lender underwriting or official stress DSR rule.
AUTO-041,60000000,0,6,40,360,2000000,2000000,333583229,0,Illustrative only: auto installment treated as full monthly DSR obligation; no other debt; mortgage rate is assumed DSR calculation rate; not lender underwriting or official stress DSR rule.
AUTO-042,60000000,300000,6,40,360,2000000,1700000,283545744,50037485,Illustrative only: auto installment treated as full monthly DSR obligation; no other debt; mortgage rate is assumed DSR calculation rate; not lender underwriting or official stress DSR rule.
AUTO-043,60000000,600000,6,40,360,2000000,1400000,233508260,100074969,Illustrative only: auto installment treated as full monthly DSR obligation; no other debt; mortgage rate is assumed DSR calculation rate; not lender underwriting or official stress DSR rule.
AUTO-044,60000000,900000,6,40,360,2000000,1100000,183470776,150112453,Illustrative only: auto installment treated as full monthly DSR obligation; no other debt; mortgage rate is assumed DSR calculation rate; not lender underwriting or official stress DSR rule.
AUTO-045,60000000,0,7,40,360,2000000,2000000,300615136,0,Illustrative only: auto installment treated as full monthly DSR obligation; no other debt; mortgage rate is assumed DSR calculation rate; not lender underwriting or official stress DSR rule.
AUTO-046,60000000,300000,7,40,360,2000000,1700000,255522866,45092270,Illustrative only: auto installment treated as full monthly DSR obligation; no other debt; mortgage rate is assumed DSR calculation rate; not lender underwriting or official stress DSR rule.
AUTO-047,60000000,600000,7,40,360,2000000,1400000,210430595,90184541,Illustrative only: auto installment treated as full monthly DSR obligation; no other debt; mortgage rate is assumed DSR calculation rate; not lender underwriting or official stress DSR rule.
AUTO-048,60000000,900000,7,40,360,2000000,1100000,165338325,135276811,Illustrative only: auto installment treated as full monthly DSR obligation; no other debt; mortgage rate is assumed DSR calculation rate; not lender underwriting or official stress DSR rule.
AUTO-049,80000000,0,4,40,360,2666667,2666667,558563308,0,Illustrative only: auto installment treated as full monthly DSR obligation; no other debt; mortgage rate is assumed DSR calculation rate; not lender underwriting or official stress DSR rule.
AUTO-050,80000000,300000,4,40,360,2666667,2366667,495724936,62838372,Illustrative only: auto installment treated as full monthly DSR obligation; no other debt; mortgage rate is assumed DSR calculation rate; not lender underwriting or official stress DSR rule.
AUTO-051,80000000,600000,4,40,360,2666667,2066667,432886564,125676744,Illustrative only: auto installment treated as full monthly DSR obligation; no other debt; mortgage rate is assumed DSR calculation rate; not lender underwriting or official stress DSR rule.
AUTO-052,80000000,900000,4,40,360,2666667,1766667,370048191,188515117,Illustrative only: auto installment treated as full monthly DSR obligation; no other debt; mortgage rate is assumed DSR calculation rate; not lender underwriting or official stress DSR rule.
AUTO-053,80000000,0,5,40,360,2666667,2666667,496750979,0,Illustrative only: auto installment treated as full monthly DSR obligation; no other debt; mortgage rate is assumed DSR calculation rate; not lender underwriting or official stress DSR rule.
AUTO-054,80000000,300000,5,40,360,2666667,2366667,440866494,55884485,Illustrative only: auto installment treated as full monthly DSR obligation; no other debt; mortgage rate is assumed DSR calculation rate; not lender underwriting or official stress DSR rule.
AUTO-055,80000000,600000,5,40,360,2666667,2066667,384982009,111768970,Illustrative only: auto installment treated as full monthly DSR obligation; no other debt; mortgage rate is assumed DSR calculation rate; not lender underwriting or official stress DSR rule.
AUTO-056,80000000,900000,5,40,360,2666667,1766667,329097523,167653456,Illustrative only: auto installment treated as full monthly DSR obligation; no other debt; mortgage rate is assumed DSR calculation rate; not lender underwriting or official stress DSR rule.
AUTO-057,80000000,0,6,40,360,2666667,2666667,444777638,0,Illustrative only: auto installment treated as full monthly DSR obligation; no other debt; mortgage rate is assumed DSR calculation rate; not lender underwriting or official stress DSR rule.
AUTO-058,80000000,300000,6,40,360,2666667,2366667,394740154,50037484,Illustrative only: auto installment treated as full monthly DSR obligation; no other debt; mortgage rate is assumed DSR calculation rate; not lender underwriting or official stress DSR rule.
AUTO-059,80000000,600000,6,40,360,2666667,2066667,344702670,100074968,Illustrative only: auto installment treated as full monthly DSR obligation; no other debt; mortgage rate is assumed DSR calculation rate; not lender underwriting or official stress DSR rule.
AUTO-060,80000000,900000,6,40,360,2666667,1766667,294665185,150112453,Illustrative only: auto installment treated as full monthly DSR obligation; no other debt; mortgage rate is assumed DSR calculation rate; not lender underwriting or official stress DSR rule.
AUTO-061,80000000,0,7,40,360,2666667,2666667,400820181,0,Illustrative only: auto installment treated as full monthly DSR obligation; no other debt; mortgage rate is assumed DSR calculation rate; not lender underwriting or official stress DSR rule.
AUTO-062,80000000,300000,7,40,360,2666667,2366667,355727911,45092270,Illustrative only: auto installment treated as full monthly DSR obligation; no other debt; mortgage rate is assumed DSR calculation rate; not lender underwriting or official stress DSR rule.
AUTO-063,80000000,600000,7,40,360,2666667,2066667,310635640,90184541,Illustrative only: auto installment treated as full monthly DSR obligation; no other debt; mortgage rate is assumed DSR calculation rate; not lender underwriting or official stress DSR rule.
AUTO-064,80000000,900000,7,40,360,2666667,1766667,265543370,135276811,Illustrative only: auto installment treated as full monthly DSR obligation; no other debt; mortgage rate is assumed DSR calculation rate; not lender underwriting or official stress DSR rule.
